,City,Country,Lat,Long,Max Temp,Humidity,Cloudiness,Wind Speed,Date
0,Faya,SA,18.39,42.45,59.0,50,0,1.05,1605316808
1,Tasiilaq,GL,65.61,-37.64,19.4,52,99,3.36,1605316808
2,Mandalgovi,MN,45.76,106.27,30.9,76,0,5.48,1605316808
3,Mataura,NZ,-46.19,168.86,69.01,51,100,13.0,1605316808
4,Riyadh,SA,24.69,46.72,62.6,67,0,5.82,1605316642
5,Yellowknife,CA,62.46,-114.35,5.0,77,90,11.41,1605316808
6,Neiafu,TO,-18.65,-173.98,82.4,78,20,11.41,1605316808
7,Chui,UY,-33.7,-53.46,63.48,97,37,4.56,1605316809
8,Bredasdorp,ZA,-34.53,20.04,53.6,93,31,2.24,1605316809
9,Port Alfred,ZA,-33.59,26.89,67.96,72,0,18.54,1605316809
10,Martapura,ID,-3.42,114.85,84.2,83,20,3.36,1605316809
11,Bambanglipuro,ID,-7.95,110.28,85.75,69,12,3.33,1605316809
12,Zadar,HR,44.12,15.24,44.6,100,2,1.12,1605316809
13,Qaanaaq,GL,77.48,-69.36,1.09,76,56,7.09,1605316809
14,Avarua,CK,-21.21,-159.78,78.8,69,94,6.93,1605316809
15,Lebu,CL,-37.62,-73.65,51.69,90,12,9.48,1605316809
16,Atuona,PF,-9.8,-139.03,77.77,75,5,15.97,1605316809
17,Punta Arenas,CL,-53.15,-70.92,37.4,86,75,24.16,1605316810
18,Ushuaia,AR,-54.8,-68.3,46.4,61,75,18.34,1605316810
19,Srednekolymsk,RU,67.45,153.68,-4.88,88,100,2.21,1605316539
20,Liverpool,GB,53.41,-2.98,52.0,81,0,11.41,1605316654
21,Dikson,RU,73.51,80.55,3.02,94,100,19.37,1605316810
22,Saint George,US,37.1,-113.58,57.2,24,1,4.7,1605316780
23,Busselton,AU,-33.65,115.33,64.0,84,46,18.14,1605316810
24,Bethel,US,41.37,-73.41,42.01,93,90,4.0,1605316519
25,Tignère,CM,7.37,12.65,68.72,50,100,1.66,1605316810
26,Vaini,TO,-21.2,-175.2,82.4,78,75,9.17,1605316810
27,Thompson,CA,55.74,-97.86,17.6,100,90,4.7,1605316811
28,Kapaa,US,22.08,-159.32,82.4,69,40,16.11,1605316811
29,Saldanha,ZA,-33.01,17.94,62.6,67,21,2.24,1605316811
30,Bluff,NZ,-46.6,168.33,69.01,51,100,13.0,1605316811
31,Alfredo Chaves,BR,-20.64,-40.75,78.8,78,40,14.99,1605316811
32,Rikitea,PF,-23.12,-134.97,75.87,78,58,10.92,1605316811
33,Adrar,MR,20.5,-10.07,77.45,18,100,9.04,1605316811
34,San Quintín,MX,30.48,-115.95,63.46,67,0,19.35,1605316811
35,Urdoma,RU,61.75,48.54,15.67,94,100,3.06,1605316812
36,Barrow,US,71.29,-156.79,17.6,78,90,14.99,1605316785
37,East London,ZA,-33.02,27.91,69.89,87,0,6.58,1605316812
38,Mar del Plata,AR,-38.0,-57.56,66.0,88,0,5.82,1605316812
39,Scarborough,GB,54.28,-0.4,45.0,86,100,4.0,1605316812
40,Kargil,IN,34.57,76.1,29.97,70,100,7.27,1605316812
41,Saskylakh,RU,71.92,114.08,-9.87,90,89,2.08,1605316812
42,Aktau,KZ,43.65,51.2,28.4,86,40,6.71,1605316812
43,Giohar,SO,2.78,45.5,73.83,93,0,4.85,1605316812
44,San Cristobal,VE,7.77,-72.22,68.45,91,100,1.1,1605316812
45,Pangai,TO,-19.8,-174.35,82.4,74,20,12.75,1605316813
46,Altona,DE,53.55,9.93,53.01,93,100,6.93,1605316818
47,Norman Wells,CA,65.28,-126.83,-2.2,77,75,5.82,1605316818
48,Iquique,CL,-20.22,-70.14,64.4,72,0,13.87,1605316818
49,Aswān,EG,24.09,32.91,64.31,40,0,7.36,1605316818
50,Arraial do Cabo,BR,-22.97,-42.03,73.92,93,100,5.84,1605316818
51,Rio Claro,BR,-22.41,-47.56,68.0,100,40,4.7,1605316818
52,Kirakira,SB,-10.45,161.92,86.5,65,21,4.25,1605316818
53,Albany,US,42.6,-73.97,44.01,84,48,3.53,1605316803
54,Cherskiy,RU,68.75,161.3,-9.06,89,100,7.43,1605316818
55,Chimoré,BO,-16.98,-65.13,73.71,90,0,2.64,1605316818
56,Palu,ID,-0.89,119.87,84.88,64,54,2.62,1605316819
57,Dakar,SN,14.69,-17.44,78.8,50,0,4.7,1605316648
58,Djenné,ML,13.91,-4.55,73.71,20,0,7.23,1605316819
59,Clyde River,CA,70.47,-68.59,12.2,78,90,25.28,1605316819
60,Marsh Harbour,BS,26.54,-77.06,79.59,81,23,6.46,1605316819
61,Oistins,BB,13.07,-59.53,78.8,88,40,10.29,1605316819
62,Shimoda,JP,34.67,138.95,62.6,55,0,14.99,1605316819
63,Panama City,PA,8.99,-79.52,77.0,94,40,3.36,1605316819
64,Vila Franca do Campo,PT,37.72,-25.43,62.6,88,20,9.17,1605316819
65,Talnakh,RU,69.49,88.4,-20.2,75,40,2.24,1605316820
66,Sibu,MY,2.3,111.82,80.6,88,40,3.36,1605316820
67,Huron,US,41.15,-82.55,37.0,85,0,9.42,1605316820
68,Tuktoyaktuk,CA,69.45,-133.04,-0.4,84,75,16.11,1605316820
69,Zelenogorskiy,RU,55.03,87.0,19.4,85,0,6.71,1605316820
70,Porto-Novo,BJ,6.5,2.6,84.2,83,40,6.93,1605316821
71,Borgarnes,IS,64.54,-21.92,35.6,69,40,13.87,1605316821
72,Alcañiz,ES,41.05,-0.13,52.0,93,99,1.01,1605316821
73,Nanortalik,GL,60.14,-45.24,28.63,86,100,5.1,1605316821
74,Hermanus,ZA,-34.42,19.23,60.01,84,81,1.01,1605316821
75,Aklavik,CA,68.22,-135.01,-9.4,83,75,5.84,1605316821
76,Belaya Glina,RU,46.07,40.86,34.14,82,0,10.8,1605316821
77,Ozernovskiy,RU,51.5,156.52,42.1,87,100,17.2,1605316821
78,Saint-Philippe,RE,-21.36,55.77,73.4,69,20,4.7,1605316821
79,Shuyskoye,RU,59.37,41.03,33.3,97,100,4.23,1605316822
80,Ocós,GT,14.51,-92.19,80.6,100,75,4.7,1605316822
81,City of San Pedro,PH,14.35,121.02,89.01,74,40,5.82,1605316822
82,Libreville,GA,0.39,9.45,78.8,94,75,6.93,1605316822
83,Nikolskoye,RU,59.7,30.79,33.01,95,20,2.24,1605316822
84,Klaksvík,FO,62.23,-6.59,46.4,81,0,17.22,1605316822
85,Praia da Vitória,PT,38.73,-27.07,64.4,82,40,7.78,1605316822
86,Wakkanai,JP,45.41,141.67,42.8,75,75,25.28,1605316822
87,Half Moon Bay,US,37.46,-122.43,57.99,93,90,14.99,1605316713
88,Ust'-Omchug,RU,61.15,149.63,-0.99,85,100,2.95,1605316823
89,Chokurdakh,RU,70.63,147.92,-15.93,89,57,4.94,1605316823
90,Cape Town,ZA,-33.93,18.42,63.0,77,75,5.82,1605316823
91,Namtsy,RU,62.72,129.67,14.0,85,75,2.24,1605316828
92,Sol'-Iletsk,RU,51.16,54.99,20.39,95,0,7.05,1605316828
93,Castro,BR,-24.79,-50.01,63.48,87,13,3.67,1605316828
94,Monywa,MM,22.12,95.13,71.01,79,0,7.25,1605316828
95,Rewa,IN,24.53,81.3,69.22,62,10,3.89,1605316828
96,Gravdal,NO,68.12,13.5,44.6,74,20,10.29,1605316828
97,Hithadhoo,MV,-0.6,73.08,81.93,80,100,16.24,1605316828
98,Hobart,AU,-42.88,147.33,64.99,42,75,17.22,1605316818
99,Egvekinot,RU,66.32,-179.17,6.87,91,7,14.83,1605316829
100,Butaritari,KI,3.07,172.79,81.64,68,71,9.62,1605316829
101,Jamestown,US,42.1,-79.24,43.0,86,90,8.05,1605316745
102,Viseu,PT,40.66,-7.91,55.0,87,85,1.01,1605316722
103,Lüderitz,NA,-26.65,15.16,57.78,92,60,3.44,1605316829
104,Billings Metropolitan Area,US,45.78,-108.5,41.0,44,75,13.87,1605316829
105,Mogadishu,SO,2.04,45.34,79.25,80,29,8.23,1605316829
106,Muli,MV,2.92,73.57,82.35,79,100,11.3,1605316829
107,Belmonte,BR,-15.86,-38.88,77.0,78,0,8.05,1605316830
108,Tilichiki,RU,60.47,166.1,8.94,91,0,7.81,1605316830
109,Erenhot,CN,43.65,111.98,42.58,79,1,9.93,1605316830
110,Bathsheba,BB,13.22,-59.52,78.8,88,40,10.29,1605316830
111,Sosnogorsk,RU,63.6,53.88,13.86,94,100,1.7,1605316830
112,Tukums,LV,56.97,23.16,39.2,93,90,8.05,1605316830
113,Hilo,US,19.73,-155.09,82.4,58,40,9.17,1605316789
114,Katsuura,JP,35.13,140.3,64.99,48,0,20.8,1605316830
115,Ketchikan,US,55.34,-131.65,41.0,100,75,6.93,1605316830
116,Kavaratti,IN,10.57,72.64,82.8,75,100,8.05,1605316830
117,Faanui,PF,-16.48,-151.75,80.04,73,12,7.05,1605316831
118,Northam,GB,51.03,-4.22,55.0,89,100,5.01,1605316831
119,Kavieng,PG,-2.57,150.8,84.4,76,36,10.49,1605316831
120,Wajid,SO,3.81,43.25,72.75,82,0,12.86,1605316831
121,Inuvik,CA,68.35,-133.72,-2.2,77,100,3.36,1605316831
122,Chicama,PE,-7.84,-79.15,63.55,82,84,6.93,1605316831
123,Aktas,KZ,49.78,72.96,17.6,85,75,8.95,1605316831
124,Bengkulu,ID,-3.8,102.27,77.88,82,100,3.69,1605316831
125,Zalesovo,RU,53.99,84.74,21.7,94,0,4.85,1605316831
126,George Town,MY,5.41,100.34,80.6,94,20,5.01,1605316611
127,Hasaki,JP,35.73,140.83,59.0,51,0,12.75,1605316832
128,Marzuq,YE,14.4,46.47,59.86,47,96,2.39,1605316832
129,Namwala,ZM,-15.75,26.44,66.56,80,92,3.65,1605316832
130,Viedma,AR,-40.81,-63.0,67.75,47,99,14.81,1605316832
131,Alice Springs,AU,-23.7,133.88,96.8,14,0,14.99,1605316832
132,Bubaque,GW,11.28,-15.83,84.09,69,0,10.09,1605316833
133,Marawi,PH,8.0,124.29,84.0,78,68,4.0,1605316833
134,Puerto Ayora,EC,-0.74,-90.35,69.01,90,68,7.0,1605316833
135,Sterling,US,39.01,-77.43,54.0,53,1,8.05,1605316818
136,Sarakhs,IR,36.54,61.16,44.6,81,0,6.93,1605316833
137,Fortuna,US,40.6,-124.16,52.0,100,90,5.82,1605316838
138,Cam Ranh,VN,11.92,109.16,82.4,74,20,5.82,1605316838
139,Acaraú,BR,-2.89,-40.12,80.4,78,0,16.67,1605316839
140,Ossora,RU,59.24,163.07,21.54,84,0,2.42,1605316839
141,New Norfolk,AU,-42.78,147.06,64.99,37,56,5.99,1605316839
142,Lillehammer,NO,61.11,10.47,41.95,86,100,8.81,1605316680
143,Noumea,NC,-22.28,166.46,88.0,52,0,9.17,1605316839
144,Dunedin,NZ,-45.87,170.5,66.99,58,9,11.01,1605316839
145,Auki,SB,-8.77,160.7,87.98,62,76,3.8,1605316839
146,Necochea,AR,-38.55,-58.74,63.0,90,100,5.99,1605316608
147,Kruisfontein,ZA,-34.0,24.73,62.47,66,0,13.18,1605316839
148,Erdenet,MN,49.03,104.08,23.68,89,2,3.33,1605316839
149,Kyaikkami,MM,16.08,97.57,77.45,76,0,8.3,1605316840
150,Ugoofaaru,MV,5.67,73.0,79.56,84,100,11.86,1605316840
151,Kamenka,RU,51.32,42.77,28.99,95,100,4.99,1605316840
152,Penzance,GB,50.12,-5.54,53.6,93,100,13.87,1605316840
153,George,ZA,-33.96,22.46,57.2,87,36,3.36,1605316840
154,Beli Potok,RS,44.71,20.52,48.2,81,90,4.7,1605316840
155,Comodoro Rivadavia,AR,-45.87,-67.5,69.8,32,0,13.87,1605316840
156,Pangody,RU,65.85,74.49,-10.1,91,8,2.77,1605316840
157,Khatanga,RU,71.97,102.5,-15.66,89,100,5.53,1605316840
158,Ayr,GB,55.46,-4.63,48.99,87,75,10.29,1605316841
159,Hong Kong,HK,22.29,114.16,75.0,56,98,7.0,1605316792
160,Nouadhibou,MR,20.93,-17.03,73.4,46,0,9.17,1605316841
161,Marsabit,KE,2.33,37.99,66.61,82,9,9.04,1605316841
162,Phan Thiet,VN,10.93,108.1,76.87,81,100,2.55,1605316841
163,Airai,TL,-8.93,125.41,78.17,45,0,2.66,1605316695
164,São João da Barra,BR,-21.64,-41.05,73.45,94,100,4.27,1605316842
165,Dingle,PH,11.0,122.67,83.82,81,26,10.27,1605316842
166,Iracoubo,GF,5.48,-53.2,80.4,83,100,11.79,1605316842
167,Rudnogorsk,RU,57.26,103.75,14.63,97,92,5.28,1605316842
168,Salalah,OM,17.02,54.09,75.2,73,20,4.7,1605316842
169,Duluth,US,46.78,-92.11,30.2,58,1,6.93,1605316838
170,Djebeniana,TN,35.03,10.91,57.2,82,0,6.93,1605316843
171,Sibolga,ID,1.74,98.78,80.87,77,99,2.48,1605316843
172,Margate,GB,51.38,1.39,51.01,81,100,10.69,1605316843
173,Hohhot,CN,40.81,111.65,41.0,56,100,4.47,1605316843
174,Brae,GB,60.4,-1.35,48.2,76,20,25.28,1605316843
175,Upernavik,GL,72.79,-56.15,17.44,94,100,15.14,1605316843
176,Boca do Acre,BR,-8.75,-67.4,76.8,84,98,1.74,1605316843
177,Trincomalee,LK,8.57,81.23,82.02,79,84,10.83,1605316843
178,Olafsvik,IS,64.89,-23.71,32.77,91,3,19.75,1605316844
179,Lagoa,PT,39.05,-27.98,65.71,91,93,15.55,1605316844
180,Danville,US,36.59,-79.39,57.2,47,1,4.7,1605316844
181,Sarangani,PH,5.4,125.46,84.76,72,95,13.42,1605316844
182,Narsaq,GL,60.92,-46.05,14.0,66,100,4.7,1605316844
183,Ubá,BR,-21.12,-42.94,73.99,91,100,3.85,1605316758
184,Beni Suef,EG,29.07,31.1,62.64,84,0,10.11,1605316849
185,Spencer,US,43.14,-95.14,33.8,69,1,16.11,1605316849
186,General Roca,AR,-39.03,-67.58,69.8,37,0,5.82,1605316850
187,Esperance,AU,-33.87,121.9,64.4,93,90,9.17,1605316850
188,Russell,US,32.35,-85.2,66.2,87,1,4.65,1605316850
189,Roald,NO,62.58,6.13,50.0,61,100,12.75,1605316850
190,Shīeli,KZ,44.17,66.75,26.08,87,0,8.3,1605316850
191,Port Elizabeth,ZA,-33.92,25.57,62.6,88,0,20.8,1605316850
192,Meïganga,CM,6.52,14.3,66.85,56,94,2.66,1605316850
193,Portland,US,45.52,-122.68,46.99,84,22,1.01,1605316651
194,Port Hardy,CA,50.7,-127.42,42.8,93,90,9.17,1605316851
195,Vestmannaeyjar,IS,63.44,-20.27,38.57,76,0,22.73,1605316851
196,Port Augusta,AU,-32.5,137.77,82.0,33,0,4.7,1605316851
197,Kisi,NG,9.08,3.85,73.04,33,46,4.07,1605316851
198,Contamana,PE,-7.33,-75.02,81.93,65,100,3.85,1605316851
199,Carnarvon,AU,-24.87,113.63,75.2,69,40,13.87,1605316851
200,Yar-Sale,RU,66.83,70.83,-4.9,91,0,3.31,1605316851
201,Bowen,AU,-20.02,148.23,87.8,52,90,11.41,1605316851
202,Bonfim,BR,3.08,-59.95,80.64,77,100,5.75,1605316851
203,Severo-Kuril'sk,RU,50.68,156.12,43.63,90,96,16.33,1605316851
204,Ankara,TR,39.92,32.85,41.0,65,0,1.12,1605316851
205,Matara,LK,5.95,80.54,76.75,88,84,3.31,1605316852
206,Mehamn,NO,71.04,27.85,35.42,84,3,8.68,1605316852
207,Nālūt,LY,30.33,10.85,57.65,49,0,6.98,1605316852
208,Lorengau,PG,-2.02,147.27,85.41,72,87,8.08,1605316852
209,Port-Gentil,GA,-0.72,8.78,77.07,89,100,8.9,1605316852
210,Spokane,US,47.62,-117.37,42.8,70,20,11.41,1605316661
211,Bitung,ID,1.45,125.18,82.4,83,40,2.24,1605316852
212,Tarakan,ID,3.3,117.63,80.67,80,79,5.26,1605316852
213,Simao,CN,22.79,100.97,61.72,71,16,1.14,1605316853
214,São Luiz Gonzaga,BR,-28.41,-54.96,70.05,63,0,7.52,1605316853
215,Deep River,CA,46.1,-77.5,37.4,84,90,2.64,1605316844
216,Flin Flon,CA,54.77,-101.86,15.8,85,75,3.36,1605316853
217,Arlit,NE,18.74,7.39,70.95,27,0,8.34,1605316853
218,Kongolo,CD,-5.38,27.0,69.03,95,100,1.19,1605316853
219,Gambēla,ET,8.25,34.58,71.96,78,0,4.68,1605316853
220,Klášterec nad Ohří,CZ,50.38,13.17,43.0,100,40,7.7,1605316853
221,College,US,64.86,-147.8,15.8,78,75,3.36,1605316699
222,Summerside,CA,46.4,-63.79,41.0,80,100,6.93,1605316853
223,Varel,DE,53.4,8.14,53.01,93,100,5.82,1605316854
224,Westport,US,41.14,-73.36,43.0,87,1,8.08,1605316854
225,Līsakovsk,KZ,52.54,62.49,21.16,94,100,12.12,1605316854
226,São Filipe,CV,14.9,-24.5,80.2,67,47,4.76,1605316854
227,Vardø,NO,70.37,31.11,36.37,85,21,26.04,1605316854
228,Saint Paul Harbor,US,57.79,-152.41,39.2,48,1,19.46,1605316854
229,Mattru,SL,7.62,-11.83,73.89,92,0,0.65,1605316859
230,Pevek,RU,69.7,170.31,5.9,95,98,7.47,1605316859
231,Souillac,MU,-20.52,57.52,73.4,94,40,2.24,1605316860
232,Cayenne,GF,4.93,-52.33,78.8,100,100,2.24,1605316860
233,Sept-Îles,CA,50.2,-66.38,33.8,86,100,3.36,1605316768
234,Makīnsk,KZ,52.63,70.42,20.5,96,100,13.49,1605316860
235,Sur,OM,22.57,59.53,72.77,49,0,5.88,1605316860
236,Namuac,PH,18.61,121.17,79.59,86,79,14.99,1605316860
237,Lodwar,KE,3.12,35.6,81.39,55,28,9.24,1605316860
238,Rovaniemi,FI,66.5,25.72,35.6,100,90,10.29,1605316860
239,Kununurra,AU,-15.77,128.73,93.2,59,6,8.05,1605316860
240,Cidreira,BR,-30.18,-50.21,69.98,90,1,8.66,1605316860
241,Piaçabuçu,BR,-10.41,-36.43,77.65,82,1,11.61,1605316861
242,Zeya,RU,53.75,127.27,21.85,93,100,5.48,1605316861
243,Gamba,GA,-2.65,10.0,75.07,92,100,3.94,1605316861
244,Xai-Xai,MZ,-25.05,33.64,64.29,81,0,6.2,1605316861
245,Sitka,US,57.05,-135.33,39.2,86,75,3.36,1605316861
246,Kagoro,NG,9.6,8.38,70.74,39,58,4.94,1605316862
247,Kutum,SD,14.2,24.67,60.76,31,90,10.65,1605316862
248,Ponta do Sol,PT,32.67,-17.1,69.8,94,75,16.11,1605316862
249,Asadābād,IR,34.78,48.12,39.54,72,0,5.19,1605316862
250,Mponela,MW,-13.53,33.74,64.99,79,100,5.97,1605316862
251,Tainan City,TW,22.99,120.21,78.01,88,75,1.12,1605316862
252,Houma,US,29.6,-90.72,66.0,63,1,5.97,1605316862
253,Twin Falls,US,42.35,-114.64,45.0,75,90,25.28,1605316863
254,Alofi,NU,-19.06,-169.92,82.4,69,75,13.87,1605316863
255,Sagarejo,GE,41.73,45.33,42.8,87,90,2.24,1605316863
256,Tranås,SE,58.04,14.98,43.0,93,100,6.93,1605316605
257,Grand Gaube,MU,-20.01,57.66,73.99,85,0,1.01,1605316863
258,Yinchuan,CN,38.47,106.27,48.04,68,0,3.96,1605316863
259,Geraldton,AU,-28.77,114.6,68.0,77,90,10.29,1605316863
260,Korla,CN,41.76,86.15,34.0,77,12,5.01,1605316863
261,Gizo Government Station,SB,-8.1,156.84,85.28,69,52,6.62,1605316864
262,Lavrentiya,RU,65.58,-171.0,24.53,93,74,15.9,1605316864
263,Dubbo,AU,-32.25,148.62,76.64,34,0,11.7,1605316844
264,San Vicente,AR,-26.62,-54.13,68.18,71,0,2.91,1605316864
265,Naze,JP,28.37,129.48,75.2,78,75,20.8,1605316864
266,Ardakān,IR,32.31,54.02,45.37,69,96,5.48,1605316864
267,Pangnirtung,CA,66.15,-65.71,3.15,81,5,4.72,1605316864
268,Bambous Virieux,MU,-20.34,57.76,73.99,94,40,2.24,1605316865
269,Marabu,MY,4.41,114.01,80.6,88,40,3.36,1605316654
270,Hualmay,PE,-11.1,-77.61,62.98,85,52,9.35,1605316865
271,Manokwari,ID,-0.87,134.08,84.58,68,0,3.02,1605316870
272,Río Gallegos,AR,-51.62,-69.22,50.0,53,40,25.28,1605316825
273,Zaysan,KZ,47.47,84.87,26.4,87,67,1.54,1605316870
274,Quelimane,MZ,-17.88,36.89,73.4,78,20,2.17,1605316870
275,Longyearbyen,SJ,78.22,15.64,30.2,74,75,2.24,1605316870
276,Kulu,TR,39.1,33.08,43.57,60,0,3.06,1605316870
277,Tautira,PF,-17.73,-149.15,86.0,66,20,12.75,1605316870
278,Derzhavīnsk,KZ,51.1,66.32,23.79,97,100,13.53,1605316870
279,Magistral'nyy,RU,56.17,107.45,17.4,93,54,6.51,1605316871
280,Lamlash,GB,55.53,-5.13,48.99,87,75,10.29,1605316871
281,Puerto Nariño,CO,-3.77,-70.38,75.2,100,90,2.24,1605316871
282,Ayan,RU,56.45,138.17,24.26,93,72,2.37,1605316871
283,La Macarena,CO,2.18,-73.78,73.92,90,100,2.24,1605316871
284,Ovalle,CL,-30.6,-71.2,50.7,79,0,1.34,1605316871
285,Altos,BR,-5.04,-42.46,84.2,66,0,4.7,1605316607
286,Acapulco de Juárez,MX,16.86,-99.89,82.4,78,40,3.36,1605316872
287,Winnetka,US,42.11,-87.74,37.99,55,1,5.41,1605316872
288,Baryshivka,UA,50.36,31.32,35.6,79,90,6.71,1605316872
289,Vangaindrano,MG,-23.35,47.6,68.92,76,99,7.18,1605316872
290,Zhigansk,RU,66.77,123.37,7.75,95,79,4.88,1605316872
291,Shwebo,MM,22.57,95.7,69.24,86,0,5.03,1605316872
292,Vaitape,PF,-16.52,-151.75,80.91,72,12,7.02,1605316601
293,Baoqing,CN,46.33,132.21,37.47,74,0,5.01,1605316872
294,North Platte,US,41.12,-100.77,46.0,38,1,9.17,1605316873
295,Svelgen,NO,61.77,5.3,48.2,81,100,18.34,1605316873
296,Oranjemund,NA,-28.55,16.43,58.44,92,44,2.17,1605316873
297,Provideniya,RU,64.38,-173.3,21.11,90,0,11.25,1605316873
298,Irpa Irpa,BO,-17.72,-66.27,68.0,34,0,5.82,1605316873
299,Hinton,CA,53.4,-117.59,26.6,92,100,2.33,1605316873
300,Gazli,UZ,40.13,63.45,23.22,89,0,3.2,1605316874
301,Sompeta,IN,18.93,84.6,74.55,61,0,7.18,1605316874
302,Carballo,ES,43.21,-8.69,59.0,72,63,10.0,1605316874
303,Cananéia,BR,-25.01,-47.93,70.45,93,99,2.42,1605316874
304,Jalalabad,AF,34.43,70.45,59.25,56,100,1.72,1605316874
305,Ribeira Grande,PT,38.52,-28.7,66.02,90,100,10.78,1605316874
306,Flinders,AU,-34.58,150.86,79.0,62,0,4.0,1605316874
307,Mapiripán,CO,2.89,-72.13,76.33,92,99,3.94,1605316720
308,Santa Isabel Rio Negro,BR,-0.41,-65.02,76.42,92,100,2.04,1605316875
309,Bonavista,CA,48.65,-53.11,34.0,78,45,4.7,1605316875
310,Pessac,FR,44.81,-0.64,51.01,100,0,4.7,1605316875
311,Mossamedes,AO,-15.2,12.15,71.04,75,50,7.0,1605316875
312,Beitbridge,ZW,-22.22,30.0,70.39,39,0,4.88,1605316875
313,Tamasopo,MX,21.93,-99.48,60.01,100,51,2.1,1605316875
314,Itajobi,BR,-21.32,-49.05,73.4,60,40,8.05,1605316875
315,Bam,IR,29.11,58.36,52.77,72,76,11.88,1605316876
316,Sinnamary,GF,5.38,-52.95,80.2,83,100,11.25,1605316876
317,Ţăndărei,RO,44.65,27.67,50.0,83,61,0.54,1605316881
318,Caravelas,BR,-17.71,-39.25,75.49,82,99,9.93,1605316881
319,Taixing,CN,32.17,120.01,66.99,65,0,3.0,1605316882
320,Ludvika,SE,60.15,15.19,44.01,100,100,3.36,1605316882
321,Tura,IN,25.52,90.22,65.01,83,0,4.05,1605316882
322,Kahului,US,20.89,-156.47,84.2,51,40,20.8,1605316882
323,Lima,PE,-12.04,-77.03,66.2,77,0,13.87,1605316712
324,Borovoy,RU,55.43,86.08,19.4,85,0,6.71,1605316882
325,Ilulissat,GL,69.22,-51.1,21.2,44,99,10.29,1605316882
326,Griffith,US,41.53,-87.42,30.99,80,1,4.21,1605316883
327,Bajah,YE,13.81,44.63,65.44,57,99,1.3,1605316883
328,Nome,US,64.5,-165.41,21.2,67,1,12.75,1605316883
329,Mahébourg,MU,-20.41,57.7,73.4,94,40,2.24,1605316883
330,Predivinsk,RU,57.07,93.44,21.16,95,100,5.59,1605316883
331,Cockburn Town,TC,21.46,-71.14,80.78,77,13,22.44,1605316883
332,Batagay-Alyta,RU,67.8,130.41,-6.41,89,93,1.39,1605316883
333,Nelson Bay,AU,-32.72,152.15,75.99,64,0,10.29,1605316883
334,Yangi Marg`ilon,UZ,40.43,71.72,42.8,87,75,2.24,1605316883
335,High Prairie,CA,55.43,-116.49,19.4,92,100,2.24,1605316884
336,Kiryat Gat,IL,31.61,34.76,68.0,61,0,5.14,1605316884
337,Slonim,BY,53.09,25.32,40.51,88,99,6.64,1605316884
338,Zar,AM,40.26,44.73,35.6,64,0,3.62,1605316884
339,Gouré,NE,13.98,10.27,77.0,27,89,8.01,1605316884
340,Porto Walter,BR,-8.27,-72.74,81.12,66,100,3.22,1605316787
341,Lompoc,US,34.64,-120.46,55.4,71,1,8.05,1605316884
342,Nyíregyháza,HU,47.96,21.72,44.6,100,90,3.24,1605316616
343,Idaho Falls,US,43.47,-112.03,35.01,100,90,25.28,1605316614
344,Alim,PH,9.56,122.49,85.01,73,0,10.65,1605316884
345,Capitão Poço,BR,-1.75,-47.06,75.04,93,100,4.85,1605316592
346,Berlevåg,NO,70.86,29.09,34.86,88,6,21.3,1605316885
347,Fairbanks,US,64.84,-147.72,15.8,78,75,3.36,1605316801
348,Korem,ET,12.51,39.52,46.51,90,95,1.81,1605316885
349,Gänserndorf,AT,48.34,16.72,44.01,99,98,1.99,1605316885
350,Waipawa,NZ,-41.41,175.52,64.99,63,0,28.86,1605316885
351,Bariloche,AR,-41.15,-71.31,42.8,75,40,13.87,1605316885
352,Gilleleje,DK,56.12,12.31,46.99,93,100,12.66,1605316885
353,Mayo,US,38.89,-76.51,53.6,66,1,3.36,1605316885
354,Bundaberg,AU,-24.85,152.35,84.0,54,90,16.11,1605316885
355,Saint Anthony,US,45.02,-93.22,34.0,69,1,12.75,1605316886
356,Zyryanka,RU,65.75,150.85,-10.55,88,57,5.5,1605316886
357,Nantucket,US,41.28,-70.1,53.6,93,90,6.93,1605316886
358,Mlalo,TZ,-4.93,38.93,72.75,91,100,1.05,1605316886
359,Seymchan,RU,62.88,152.43,-9.2,88,100,0.74,1605316886
360,Wanning,CN,18.8,110.4,73.85,88,100,22.93,1605316886
361,Darnah,LY,32.77,22.64,66.09,69,2,9.44,1605316886
362,Camacha,PT,33.08,-16.33,69.8,88,40,11.41,1605316887
363,Liaqatabad,PK,31.56,74.3,55.4,82,100,1.3,1605316892
364,Moree,AU,-29.47,149.85,87.8,19,0,9.17,1605316892
365,Muisne,EC,0.6,-80.03,73.44,83,29,13.06,1605316892
366,San Policarpo,PH,12.18,125.51,83.21,84,2,11.32,1605316892
367,Dzilam González,MX,21.28,-88.93,75.87,89,14,6.71,1605316892
368,Prabumulih,ID,-3.45,104.25,82.22,82,97,1.32,1605316892
369,Watsa,CD,3.04,29.54,62.91,99,6,1.41,1605316892
370,Kodinsk,RU,58.69,99.18,16.14,96,100,3.87,1605316893
371,Mehrān,IR,33.12,46.16,39.2,69,0,4.7,1605316893
372,Repino,RU,60.17,29.87,34.0,87,0,7.54,1605316893
373,Tigil',RU,57.8,158.67,22.98,90,100,7.58,1605316893
374,Tessalit,ML,20.2,1.01,66.74,25,0,8.79,1605316893
375,Hofn,IS,64.25,-15.21,40.82,68,76,13.98,1605316893
376,Sørland,NO,67.67,12.69,44.6,76,20,10.29,1605316893
377,Severnyy,RU,50.68,36.55,26.64,92,40,4.47,1605316893
378,Huarmey,PE,-10.07,-78.15,63.63,84,72,8.61,1605316893
379,Gorontalo,ID,0.54,123.06,89.15,57,11,0.94,1605316894
380,Bismarck,US,46.81,-100.78,32.0,68,1,5.82,1605316801
381,Lufilufi,WS,-13.87,-171.6,82.4,88,75,5.82,1605316894
382,Wewak,PG,-3.55,143.63,84.56,70,86,3.04,1605316894
383,Langenburg,DE,49.25,9.85,51.8,81,100,4.7,1605316894
384,Bor,RU,56.36,44.07,32.0,97,90,2.24,1605316894
385,La Ronge,CA,55.1,-105.28,15.8,92,100,5.17,1605316894
386,Te Anau,NZ,-45.42,167.72,61.54,58,100,10.27,1605316895
387,Pilar,BR,-9.6,-35.96,73.4,94,20,5.82,1605316895
388,Coahuayana Viejo,MX,18.73,-103.68,73.4,78,20,1.57,1605316895
389,Christchurch,NZ,-43.53,172.63,78.8,46,0,4.7,1605316895
390,Hambantota,LK,6.12,81.12,73.4,100,20,1.12,1605316895
391,Longview,US,32.5,-94.74,69.8,56,1,10.29,1605316596
392,Mount Gambier,AU,-37.83,140.77,57.2,76,90,6.93,1605316635
393,Aborlan,PH,9.44,118.55,82.4,78,20,4.7,1605316895
394,Esmeraldas,BR,-19.76,-44.31,71.6,88,75,3.36,1605316896
395,Sampit,ID,-2.53,112.95,83.28,83,82,1.59,1605316896
396,El Salto,MX,20.33,-104.5,69.01,65,0,3.0,1605316896
397,Pekan,MY,3.48,103.4,75.2,94,20,7.16,1605316896
398,Mezen',RU,65.85,44.24,34.57,96,100,8.55,1605316896
399,Constitución,CL,-35.33,-72.42,53.53,90,30,10.78,1605316896
400,Kostivere,EE,59.43,25.1,37.0,83,90,8.05,1605316896
401,Tarnalelesz,HU,48.05,20.18,39.43,88,34,1.88,1605316896
402,Ambilobe,MG,-13.2,49.05,75.04,88,43,0.58,1605316896
403,Bonthe,SL,7.53,-12.51,78.48,86,0,3.94,1605316897
404,Bozoum,CF,6.32,16.38,68.16,63,14,2.26,1605316897
405,Rio Grande,BR,-32.03,-52.1,68.0,87,2,6.91,1605316723
406,Hauterive,FR,46.09,3.45,50.0,66,0,4.7,1605316897
407,Havre-St-Pierre,CA,50.23,-63.6,30.2,92,90,2.24,1605316897
408,Cabinda,AO,-5.55,12.2,76.96,89,100,2.35,1605316897
409,Yumen,CN,40.28,97.2,32.09,82,86,8.41,1605316897
410,Verkhoyansk,RU,67.54,133.38,-12.5,87,88,0.67,1605316903
411,Byron Bay,AU,-28.65,153.62,89.01,45,0,4.7,1605316897
412,Kaitangata,NZ,-46.28,169.85,68.81,42,94,7.74,1605316903
413,Vila Velha,BR,-20.33,-40.29,78.8,78,40,14.99,1605316903
414,Tuatapere,NZ,-46.13,167.68,69.01,51,100,13.0,1605316903
415,Iqaluit,CA,63.75,-68.51,17.6,67,90,5.82,1605316903
416,Kodīnar,IN,20.79,70.7,74.57,49,0,7.18,1605316903
417,Vetlanda,SE,57.43,15.08,44.6,100,99,6.93,1605316903
418,Codrington,AU,-38.27,141.97,60.31,63,85,6.64,1605316904
419,Pemangkat,ID,1.17,108.97,80.22,82,100,3.29,1605316672
420,Amroha,IN,28.92,78.47,58.19,38,0,3.33,1605316904
421,Yenotayevka,RU,47.25,47.03,29.52,94,0,3.83,1605316904
422,Kichmengskiy Gorodok,RU,59.98,45.79,28.0,99,100,1.48,1605316904
423,Aksha,RU,50.28,113.29,27.46,91,45,4.05,1605316904
424,Belyy Yar,RU,53.6,91.39,15.8,85,0,6.71,1605316904
425,Deputatsky,RU,69.3,139.9,-14.66,88,0,1.21,1605316904
426,Yuncheng,CN,35.02,110.99,53.44,41,0,6.89,1605316904
427,Lianzhou,CN,24.78,112.38,65.12,54,2,4.21,1605316904
428,Yārāda,IN,17.65,83.27,71.6,94,0,2.24,1605316904
429,Damāvand,IR,35.72,52.06,42.8,81,75,4.7,1605316905
430,Muros,ES,42.78,-9.06,60.01,80,100,8.99,1605316905
431,Port Lincoln,AU,-34.73,135.87,65.61,61,0,13.51,1605316905
432,Jumla,NP,29.27,82.18,42.22,41,0,5.06,1605316905
433,Arrondissement de Saint-Denis,FR,48.92,2.33,54.0,87,90,6.93,1605316905
434,Zemio,CF,5.03,25.14,69.85,80,0,1.5,1605316905
435,Yeppoon,AU,-23.13,150.73,89.6,46,40,9.17,1605316905
436,Bartica,GY,6.4,-58.62,78.8,94,20,4.7,1605316905
437,Grindavik,IS,63.84,-22.43,35.6,74,75,19.46,1605316905
438,Road Town,VG,18.42,-64.62,80.01,87,0,4.0,1605316891
439,Batemans Bay,AU,-35.72,150.18,70.0,55,47,6.49,1605316905
440,Kinablangan,PH,7.69,126.55,85.21,66,100,5.37,1605316906
441,Anadyr,RU,64.75,177.48,5.0,77,0,11.18,1605316906
442,Kattivākkam,IN,13.22,80.32,78.8,94,75,3.36,1605316906
443,Kurchum,KZ,48.57,83.65,27.75,77,21,4.9,1605316906
444,Araxá,BR,-19.59,-46.94,67.03,92,100,1.28,1605316906
445,Gorin,RU,51.2,136.67,27.75,92,84,4.32,1605316906
446,Adamantina,BR,-21.69,-51.07,82.4,45,0,3.36,1605316906
447,Troitskoye,RU,52.98,84.68,27.99,86,87,7.02,1605316906
448,Harper,LR,4.38,-7.72,77.67,87,3,8.43,1605316906
449,Amberley,US,39.2,-84.43,45.0,69,1,3.36,1605316906
450,Waingapu,ID,-9.66,120.26,87.57,55,0,6.33,1605316907
451,West Bay,KY,19.37,-81.42,82.4,83,20,8.05,1605316907
452,Palmer,US,42.16,-72.33,39.99,100,1,3.69,1605316879
453,Usilampatti,IN,9.97,77.8,75.2,94,100,2.89,1605316907
454,Qaryat Sulūq,LY,31.67,20.25,62.98,69,0,7.49,1605316907
455,Bandarbeyla,SO,9.49,50.81,76.14,78,27,16.55,1605316908
456,Ginda,IN,30.69,78.49,53.6,93,0,5.57,1605316908
457,Boende,CD,-0.22,20.87,70.38,97,96,1.23,1605316913
458,Poum,NC,-20.23,164.02,77.59,83,0,19.3,1605316913
459,San Andrés,CO,12.58,-81.7,84.2,74,40,9.17,1605316914
460,Avanigadda,IN,16.02,80.92,71.6,88,20,3.36,1605316914
461,Pacific Grove,US,36.62,-121.92,57.2,71,90,10.0,1605316914
462,Ola,RU,59.58,151.28,18.7,89,100,16.78,1605316914
463,Santarém,BR,-2.44,-54.71,78.8,94,0,2.24,1605316914
464,Rottingdean,GB,50.81,-0.06,53.01,89,100,1.99,1605316914
465,Yangambi,CD,0.81,24.43,69.73,96,99,1.7,1605316914
466,Ürümqi,CN,43.8,87.6,35.6,69,0,2.24,1605316697
467,Tamandaré,BR,-8.76,-35.1,77.43,83,100,9.13,1605316914
468,San Roque,ES,36.21,-5.38,64.4,93,100,9.17,1605316914
469,Vanimo,PG,-2.67,141.3,85.78,66,46,4.81,1605316915
470,Rondonópolis,BR,-16.47,-54.64,78.75,62,0,2.26,1605316914
471,Vao,NC,-22.67,167.48,74.62,82,0,10.8,1605316915
472,Coyhaique,CL,-45.58,-72.07,50.0,61,75,8.05,1605316915
473,Baruun-Urt,MN,46.68,113.28,30.45,76,0,8.81,1605316915
474,Rurrenabaque,BO,-14.44,-67.53,77.2,81,53,2.04,1605316915
475,Orotukan,RU,62.27,151.7,-3.91,87,100,0.78,1605316915
476,Tiznit Province,MA,29.58,-9.5,70.25,46,100,5.73,1605316915
477,Husavik,IS,66.04,-17.34,24.8,92,90,9.51,1605316915
478,Marang,MY,5.21,103.21,77.0,94,20,2.24,1605316916
479,Gondanglegi,ID,-7.75,112.01,85.14,69,64,7.61,1605316916
480,Labuhan,ID,-6.88,112.21,85.19,72,0,3.24,1605316916
481,Sambava,MG,-14.27,50.17,74.91,90,99,2.21,1605316916
482,Antalaha,MG,-14.9,50.28,73.49,91,93,2.1,1605316916
483,Cartagena del Chairá,CO,1.33,-74.84,75.74,89,100,2.17,1605316916
484,Khonsa,IN,27.02,95.57,61.36,69,0,2.71,1605316916
485,Concepción,CL,-36.83,-73.05,57.2,82,0,10.29,1605316916
486,Kisangani,CD,0.52,25.2,69.58,98,100,1.88,1605316916
487,Wajir,KE,1.75,40.06,76.57,81,0,10.94,1605316916
488,Fayaoué,NC,-20.65,166.53,76.75,78,29,7.25,1605316917
489,Conde,BR,-7.26,-34.91,78.8,83,20,9.17,1605316917
490,Buraidah,SA,26.33,43.98,60.8,87,0,4.7,1605316657
491,Mizdah,LY,31.45,12.98,55.08,75,0,3.76,1605316917
492,Boyolali,ID,-7.53,110.6,86.0,70,20,2.24,1605316917
493,San Miguel,SV,13.48,-88.18,74.95,91,0,2.93,1605316917
494,Tiksi,RU,71.69,128.87,-5.28,93,97,2.37,1605316917
495,Torbay,CA,47.67,-52.73,37.0,77,75,2.24,1605316917
496,Sobolevo,RU,54.43,31.9,29.44,96,100,6.51,1605316918
497,Yulara,AU,-25.24,130.99,93.2,7,0,8.05,1605316918
498,Hūn,LY,29.13,15.95,59.92,72,0,2.42,1605316918
499,Alyangula,AU,-13.85,136.42,89.6,62,0,9.17,1605316918
500,Pisco,PE,-13.7,-76.22,64.99,88,0,18.34,1605316810
501,Otradnoye,RU,59.78,30.82,35.01,86,48,4.14,1605316918
502,Villa Juárez,MX,24.65,-107.54,78.8,41,5,6.93,1605316924
503,Kampot,KH,10.62,104.18,84.2,58,0,1.12,1605316924
504,Loandjili,CG,-4.76,11.86,77.0,94,40,3.96,1605316924
505,Huangnihe,CN,43.56,128.02,37.89,66,0,2.57,1605316924
506,Hobyo,SO,5.35,48.53,79.05,76,100,12.88,1605316924
507,Kiama,AU,-34.68,150.87,79.0,77,0,8.14,1605316924
508,Meshchovsk,RU,54.32,35.28,27.45,96,67,3.58,1605316924
509,Santa Clara,CU,22.4,-79.97,77.0,94,20,6.93,1605316853
510,Merauke,ID,-8.47,140.33,87.91,52,0,8.16,1605316924
511,Turukhansk,RU,65.82,87.98,-15.29,90,96,2.42,1605316924
512,Nyurba,RU,63.28,118.33,11.84,96,99,3.38,1605316924
513,Taoudenni,ML,22.68,-3.98,73.53,21,100,10.98,1605316925
514,San Miguel de Cozumel,MX,20.51,-86.95,78.8,83,40,10.4,1605316920
515,Alcântara,BR,-2.41,-44.41,80.6,83,0,8.05,1605316925
516,Ziro,IN,27.63,93.83,43.65,76,0,2.91,1605316925
517,Distrikt Brokopondo,SR,4.75,-55.17,81.55,75,98,12.68,1605316925
518,Tshikapa,CD,-6.42,20.8,70.32,94,100,2.35,1605316925
519,Rocha,UY,-34.48,-54.33,60.91,97,60,2.82,1605316925
520,Visby,SE,57.64,18.3,44.6,93,93,6.93,1605316925
521,Petropavlovka,RU,50.61,105.32,26.6,88,64,3.74,1605316925
522,Ahipara,NZ,-35.17,173.17,67.26,55,0,6.24,1605316926
523,Cabo San Lucas,MX,22.89,-109.91,77.0,53,20,11.41,1605316889
524,Inhambane,MZ,-23.86,35.38,67.84,74,0,7.16,1605316926
525,Mareeba,AU,-17.0,145.43,88.0,59,38,4.0,1605316926
526,Touros,BR,-5.2,-35.46,77.0,88,40,6.93,1605316749
527,Richards Bay,ZA,-28.78,32.04,68.47,78,0,13.65,1605316926
528,Maumere,ID,-8.62,122.21,86.74,64,100,2.44,1605316926
529,Samarai,PG,-10.62,150.67,81.1,68,0,6.24,1605316926
530,Fernie,CA,49.5,-115.07,32.0,92,100,2.24,1605316814
531,Camagüey,CU,21.38,-77.92,77.0,100,20,9.17,1605316926
532,Cabedelo,BR,-6.98,-34.83,78.8,83,20,9.17,1605316926
533,Southbridge,US,42.08,-72.03,44.01,99,16,6.93,1605316926
534,Ostrovnoy,RU,68.05,39.51,34.72,89,100,12.39,1605316927
535,Kuloy,RU,61.03,42.49,33.69,98,100,2.08,1605316927
536,Pareora,NZ,-44.49,171.21,73.0,42,20,5.99,1605316927
537,Belaya Gora,RU,68.53,146.42,-20.25,88,93,0.76,1605316927
538,Laas,IT,46.62,10.7,37.0,86,5,1.97,1605316927
539,Nyaunglebin,MM,17.95,96.73,73.81,88,0,6.11,1605316927
540,Maniitsoq,GL,65.42,-52.9,18.52,90,32,7.76,1605316928
541,Forbes,AU,-33.38,148.02,72.88,38,0,8.23,1605316928
542,Nandu,CN,22.85,110.82,65.53,54,100,4.25,1605316928
543,Rawson,AR,-43.3,-65.1,64.76,42,61,17.85,1605316928
544,Cisternino,IT,40.74,17.42,57.99,89,1,1.9,1605316928
545,Almeirim,BR,-1.52,-52.58,79.0,77,1,4.5,1605316750
546,Humaitá,BR,-7.51,-63.02,77.86,84,99,1.88,1605316928
547,Isangel,VU,-19.55,169.27,84.2,74,20,5.82,1605316928
548,Whitehorse,CA,60.72,-135.05,19.4,92,75,4.7,1605316928
549,Pedasí,PA,7.53,-80.03,79.39,80,100,9.95,1605316928
550,La Santisima Trinidad,BO,-14.83,-64.9,79.68,71,89,1.77,1605316934
551,Sidi Ali,DZ,36.1,0.42,60.53,86,92,2.48,1605316934
552,Vilhena,BR,-12.74,-60.15,70.3,85,1,4.54,1605316934
553,Porbandar,IN,21.64,69.61,75.85,50,0,9.31,1605316934
554,Bwanga,TZ,-3.03,31.76,62.67,93,41,1.68,1605316934
555,Kourou,GF,5.16,-52.65,78.8,100,100,2.24,1605316934
556,Smithers,CA,54.78,-127.17,32.0,94,90,2.42,1605316757
